Scenario,Environment,Interference,Time,True_X,True_Y,True_Z,Est_X,Est_Y,Est_Z,Error
OPEN_AREA_NORMAL,OPEN_AREA,NORMAL,0.0,0.000,0.000,100.000,17.312,1.432,99.487,17.379
OPEN_AREA_NORMAL,OPEN_AREA,NORMAL,1.0,19.999,0.200,100.000,30.715,1.260,99.341,10.789
OPEN_AREA_NORMAL,OPEN_AREA,NORMAL,2.0,39.989,0.800,100.000,45.395,-0.086,99.390,5.512
OPEN_AREA_NORMAL,OPEN_AREA,NORMAL,3.0,59.964,1.799,100.000,60.284,0.541,98.795,1.772
OPEN_AREA_NORMAL,OPEN_AREA,NORMAL,4.0,79.915,3.198,100.000,77.661,0.298,100.791,3.757
OPEN_AREA_NORMAL,OPEN_AREA,NORMAL,5.0,99.833,4.996,100.000,97.256,1.529,100.877,4.408
OPEN_AREA_NORMAL,OPEN_AREA,NORMAL,6.0,119.712,7.191,100.000,116.162,3.831,99.309,4.937
OPEN_AREA_NORMAL,OPEN_AREA,NORMAL,7.0,139.543,9.784,100.000,137.606,5.736,99.362,4.533
OPEN_AREA_NORMAL,OPEN_AREA,NORMAL,8.0,159.318,12.773,100.000,156.397,8.690,98.965,5.126
OPEN_AREA_NORMAL,OPEN_AREA,NORMAL,9.0,179.030,16.156,100.000,176.261,11.776,98.179,5.493
OPEN_AREA_NORMAL,OPEN_AREA,NORMAL,10.0,198.669,19.933,100.000,196.321,16.609,99.156,4.157
OPEN_AREA_NORMAL,OPEN_AREA,NORMAL,11.0,218.230,24.103,100.000,216.338,20.049,99.342,4.522
OPEN_AREA_NORMAL,OPEN_AREA,NORMAL,12.0,237.703,28.662,100.000,235.849,24.335,98.625,4.904
OPEN_AREA_NORMAL,OPEN_AREA,NORMAL,13.0,257.081,33.610,100.000,255.653,28.041,99.196,5.805
OPEN_AREA_NORMAL,OPEN_AREA,NORMAL,14.0,276.356,38.945,100.000,275.514,32.459,98.420,6.728
OPEN_AREA_NORMAL,OPEN_AREA,NORMAL,15.0,295.520,44.664,100.000,295.406,38.418,98.238,6.491
OPEN_AREA_NORMAL,OPEN_AREA,NORMAL,16.0,314.567,50.765,100.000,315.070,44.684,97.498,6.594
OPEN_AREA_NORMAL,OPEN_AREA,NORMAL,17.0,333.487,57.245,100.000,334.121,52.185,97.335,5.754
OPEN_AREA_NORMAL,OPEN_AREA,NORMAL,18.0,352.274,64.103,100.000,352.488,58.908,97.614,5.721
OPEN_AREA_NORMAL,OPEN_AREA,NORMAL,19.0,370.920,71.335,100.000,369.759,66.929,99.277,4.614
OPEN_AREA_NORMAL,OPEN_AREA,NORMAL,20.0,389.418,78.939,100.000,388.093,74.523,98.447,4.865
OPEN_AREA_NORMAL,OPEN_AREA,NORMAL,21.0,407.760,86.911,100.000,407.168,82.933,98.646,4.244
OPEN_AREA_NORMAL,OPEN_AREA,NORMAL,22.0,425.939,95.248,100.000,425.501,91.394,97.856,4.432
OPEN_AREA_NORMAL,OPEN_AREA,NORMAL,23.0,443.948,103.948,100.000,443.613,99.185,97.195,5.537
OPEN_AREA_NORMAL,OPEN_AREA,NORMAL,24.0,461.779,113.005,100.000,461.723,109.162,97.805,4.426
OPEN_AREA_NORMAL,OPEN_AREA,NORMAL,25.0,479.426,122.417,100.000,480.358,119.303,99.472,3.293
OPEN_AREA_NORMAL,OPEN_AREA,NORMAL,26.0,496.880,132.181,100.000,498.234,128.392,99.706,4.034
OPEN_AREA_NORMAL,OPEN_AREA,NORMAL,27.0,514.136,142.291,100.000,515.543,137.947,98.908,4.695
OPEN_AREA_NORMAL,OPEN_AREA,NORMAL,28.0,531.186,152.745,100.000,532.460,148.294,98.651,4.823
OPEN_AREA_NORMAL,OPEN_AREA,NORMAL,29.0,548.024,163.537,100.000,549.455,159.740,98.186,4.445
OPEN_AREA_NORMAL,OPEN_AREA,NORMAL,30.0,564.642,174.664,100.000,566.679,169.964,98.771,5.268
OPEN_AREA_NORMAL,OPEN_AREA,NORMAL,31.0,581.035,186.122,100.000,582.607,181.910,98.790,4.655
OPEN_AREA_NORMAL,OPEN_AREA,NORMAL,32.0,597.195,197.904,100.000,599.140,194.059,99.286,4.367
OPEN_AREA_NORMAL,OPEN_AREA,NORMAL,33.0,613.117,210.008,100.000,614.719,206.289,99.156,4.137
OPEN_AREA_NORMAL,OPEN_AREA,NORMAL,34.0,628.793,222.427,100.000,629.455,218.534,98.844,4.115
OPEN_AREA_NORMAL,OPEN_AREA,NORMAL,35.0,644.218,235.158,100.000,645.756,231.157,97.435,4.995
OPEN_AREA_NORMAL,OPEN_AREA,NORMAL,36.0,659.385,248.194,100.000,660.981,244.471,98.515,4.315
OPEN_AREA_NORMAL,OPEN_AREA,NORMAL,37.0,674.288,261.531,100.000,676.944,257.730,98.545,4.860
OPEN_AREA_NORMAL,OPEN_AREA,NORMAL,38.0,688.921,275.164,100.000,690.464,272.050,98.854,3.660
OPEN_AREA_NORMAL,OPEN_AREA,NORMAL,39.0,703.279,289.086,100.000,705.571,286.840,99.841,3.213
OPEN_AREA_NORMAL,OPEN_AREA,NORMAL,40.0,717.356,303.293,100.000,719.716,300.913,100.223,3.359
OPEN_AREA_NORMAL,OPEN_AREA,NORMAL,41.0,731.146,317.779,100.000,732.578,315.155,100.040,2.989
OPEN_AREA_NORMAL,OPEN_AREA,NORMAL,42.0,744.643,332.537,100.000,745.068,328.908,99.143,3.754
OPEN_AREA_NORMAL,OPEN_AREA,NORMAL,43.0,757.843,347.563,100.000,759.158,344.501,99.644,3.351
OPEN_AREA_NORMAL,OPEN_AREA,NORMAL,44.0,770.739,362.849,100.000,772.376,360.331,99.569,3.035
OPEN_AREA_NORMAL,OPEN_AREA,NORMAL,45.0,783.327,378.390,100.000,784.767,375.948,98.755,3.097
OPEN_AREA_NORMAL,OPEN_AREA,NORMAL,46.0,795.602,394.180,100.000,796.298,391.009,99.074,3.376
OPEN_AREA_NORMAL,OPEN_AREA,NORMAL,47.0,807.558,410.212,100.000,808.923,407.684,99.819,2.879
OPEN_AREA_NORMAL,OPEN_AREA,NORMAL,48.0,819.192,426.480,100.000,820.116,424.849,99.619,1.913
OPEN_AREA_NORMAL,OPEN_AREA,NORMAL,49.0,830.497,442.977,100.000,831.706,441.698,100.159,1.767
OPEN_AREA_NORMAL,OPEN_AREA,NORMAL,50.0,841.471,459.698,100.000,844.263,458.504,100.864,3.157
OPEN_AREA_NORMAL,OPEN_AREA,NORMAL,51.0,852.108,476.634,100.000,854.540,474.945,100.542,3.010
OPEN_AREA_NORMAL,OPEN_AREA,NORMAL,52.0,862.404,493.780,100.000,865.449,491.562,99.711,3.778
OPEN_AREA_NORMAL,OPEN_AREA,NORMAL,53.0,872.355,511.128,100.000,876.202,509.193,99.532,4.331
OPEN_AREA_NORMAL,OPEN_AREA,NORMAL,54.0,881.958,528.672,100.000,885.349,525.674,98.558,4.751
OPEN_AREA_NORMAL,OPEN_AREA,NORMAL,55.0,891.207,546.404,100.000,894.923,544.043,97.795,4.923
OPEN_AREA_NORMAL,OPEN_AREA,NORMAL,56.0,900.100,564.318,100.000,903.427,561.707,97.400,4.964
OPEN_AREA_NORMAL,OPEN_AREA,NORMAL,57.0,908.633,582.405,100.000,911.847,579.500,97.914,4.809
OPEN_AREA_NORMAL,OPEN_AREA,NORMAL,58.0,916.803,600.660,100.000,920.391,597.849,97.761,5.078
OPEN_AREA_NORMAL,OPEN_AREA,NORMAL,59.0,924.606,619.075,100.000,928.174,617.702,98.286,4.190
OPEN_AREA_NORMAL,OPEN_AREA,NORMAL,60.0,932.039,637.642,100.000,936.154,636.468,98.350,4.586
OPEN_AREA_NORMAL,OPEN_AREA,NORMAL,61.0,939.099,656.354,100.000,942.689,654.424,99.117,4.170
OPEN_AREA_NORMAL,OPEN_AREA,NORMAL,62.0,945.784,675.204,100.000,948.864,673.358,98.347,3.953
OPEN_AREA_NORMAL,OPEN_AREA,NORMAL,63.0,952.090,694.183,100.000,954.944,692.290,99.725,3.436
OPEN_AREA_NORMAL,OPEN_AREA,NORMAL,64.0,958.016,713.285,100.000,960.179,710.856,99.165,3.358
OPEN_AREA_NORMAL,OPEN_AREA,NORMAL,65.0,963.558,732.501,100.000,965.921,731.626,99.924,2.521
OPEN_AREA_NORMAL,OPEN_AREA,NORMAL,66.0,968.715,751.825,100.000,971.222,749.860,100.105,3.187
OPEN_AREA_NORMAL,OPEN_AREA,NORMAL,67.0,973.485,771.247,100.000,975.808,769.683,100.486,2.843
OPEN_AREA_NORMAL,OPEN_AREA,NORMAL,68.0,977.865,790.761,100.000,979.581,789.747,100.338,2.022
OPEN_AREA_NORMAL,OPEN_AREA,NORMAL,69.0,981.854,810.359,100.000,983.532,810.012,100.269,1.735
OPEN_AREA_NORMAL,OPEN_AREA,NORMAL,70.0,985.450,830.033,100.000,987.240,829.723,98.706,2.231
OPEN_AREA_NORMAL,OPEN_AREA,NORMAL,71.0,988.652,849.775,100.000,991.038,849.310,98.918,2.661
OPEN_AREA_NORMAL,OPEN_AREA,NORMAL,72.0,991.458,869.576,100.000,994.436,869.256,98.223,3.482
OPEN_AREA_NORMAL,OPEN_AREA,NORMAL,73.0,993.868,889.430,100.000,996.576,888.816,99.472,2.826
OPEN_AREA_NORMAL,OPEN_AREA,NORMAL,74.0,995.881,909.328,100.000,998.275,908.977,98.277,2.970
OPEN_AREA_NORMAL,OPEN_AREA,NORMAL,75.0,997.495,929.263,100.000,1000.111,929.172,98.737,2.906
OPEN_AREA_NORMAL,OPEN_AREA,NORMAL,76.0,998.710,949.226,100.000,1001.758,949.947,97.627,3.930
OPEN_AREA_NORMAL,OPEN_AREA,NORMAL,77.0,999.526,969.209,100.000,1003.097,969.816,97.653,4.316
OPEN_AREA_NORMAL,OPEN_AREA,NORMAL,78.0,999.942,989.204,100.000,1004.154,989.974,98.520,4.531
OPEN_AREA_NORMAL,OPEN_AREA,NORMAL,79.0,999.958,1009.204,100.000,1003.658,1009.913,98.875,3.932
OPEN_AREA_NORMAL,OPEN_AREA,NORMAL,80.0,999.574,1029.200,100.000,1003.637,1028.771,99.081,4.188
OPEN_AREA_NORMAL,OPEN_AREA,NORMAL,81.0,998.790,1049.184,100.000,1002.331,1049.131,99.315,3.608
OPEN_AREA_NORMAL,OPEN_AREA,NORMAL,82.0,997.606,1069.148,100.000,1001.282,1069.630,98.879,3.873
OPEN_AREA_NORMAL,OPEN_AREA,NORMAL,83.0,996.024,1089.085,100.000,998.931,1089.900,99.672,3.037
OPEN_AREA_NORMAL,OPEN_AREA,NORMAL,84.0,994.043,1108.987,100.000,998.673,1110.108,100.443,4.785
OPEN_AREA_NORMAL,OPEN_AREA,NORMAL,85.0,991.665,1128.844,100.000,995.933,1129.922,100.766,4.469
OPEN_AREA_NORMAL,OPEN_AREA,NORMAL,86.0,988.890,1148.651,100.000,993.143,1150.346,101.509,4.821
OPEN_AREA_NORMAL,OPEN_AREA,NORMAL,87.0,985.719,1168.397,100.000,989.112,1170.344,101.119,4.069
OPEN_AREA_NORMAL,OPEN_AREA,NORMAL,88.0,982.154,1188.077,100.000,985.567,1188.982,100.772,3.614
OPEN_AREA_NORMAL,OPEN_AREA,NORMAL,89.0,978.197,1207.681,100.000,982.006,1209.297,101.213,4.312
OPEN_AREA_NORMAL,OPEN_AREA,NORMAL,90.0,973.848,1227.202,100.000,977.242,1228.942,100.780,3.893
OPEN_AREA_NORMAL,OPEN_AREA,NORMAL,91.0,969.109,1246.632,100.000,973.105,1248.094,100.410,4.275
OPEN_AREA_NORMAL,OPEN_AREA,NORMAL,92.0,963.983,1265.964,100.000,967.899,1267.068,99.883,4.070
OPEN_AREA_NORMAL,OPEN_AREA,NORMAL,93.0,958.471,1285.189,100.000,962.000,1284.889,99.834,3.545
OPEN_AREA_NORMAL,OPEN_AREA,NORMAL,94.0,952.576,1304.300,100.000,955.754,1304.017,99.912,3.192
OPEN_AREA_NORMAL,OPEN_AREA,NORMAL,95.0,946.300,1323.290,100.000,950.354,1323.425,100.545,4.092
OPEN_AREA_NORMAL,OPEN_AREA,NORMAL,96.0,939.645,1342.150,100.000,942.993,1342.278,100.518,3.390
OPEN_AREA_NORMAL,OPEN_AREA,NORMAL,97.0,932.615,1360.873,100.000,934.755,1361.825,100.941,2.525
OPEN_AREA_NORMAL,OPEN_AREA,NORMAL,98.0,925.212,1379.452,100.000,927.280,1381.564,100.261,2.968
OPEN_AREA_NORMAL,OPEN_AREA,NORMAL,99.0,917.438,1397.879,100.000,919.170,1399.145,99.671,2.171
OPEN_AREA_NORMAL,OPEN_AREA,NORMAL,100.0,909.297,1416.147,100.000,910.489,1416.768,99.424,1.462
MOUNTAIN_NORMAL,MOUNTAIN,NORMAL,0.0,0.000,0.000,100.000,26.792,0.211,99.365,26.801
MOUNTAIN_NORMAL,MOUNTAIN,NORMAL,1.0,19.999,0.200,100.000,43.016,0.553,98.580,23.064
MOUNTAIN_NORMAL,MOUNTAIN,NORMAL,2.0,39.989,0.800,100.000,58.953,-0.159,98.435,19.052
MOUNTAIN_NORMAL,MOUNTAIN,NORMAL,3.0,59.964,1.799,100.000,73.528,1.204,98.921,13.620
MOUNTAIN_NORMAL,MOUNTAIN,NORMAL,4.0,79.915,3.198,100.000,89.525,4.363,97.863,9.914
MOUNTAIN_NORMAL,MOUNTAIN,NORMAL,5.0,99.833,4.996,100.000,104.446,4.877,97.894,5.072
MOUNTAIN_NORMAL,MOUNTAIN,NORMAL,6.0,119.712,7.191,100.000,121.616,7.105,99.591,1.949
MOUNTAIN_NORMAL,MOUNTAIN,NORMAL,7.0,139.543,9.784,100.000,142.681,9.168,101.193,3.413
MOUNTAIN_NORMAL,MOUNTAIN,NORMAL,8.0,159.318,12.773,100.000,160.353,9.507,101.523,3.749
MOUNTAIN_NORMAL,MOUNTAIN,NORMAL,9.0,179.030,16.156,100.000,178.250,12.864,101.351,3.643
MOUNTAIN_NORMAL,MOUNTAIN,NORMAL,10.0,198.669,19.933,100.000,195.216,14.568,99.313,6.418
MOUNTAIN_NORMAL,MOUNTAIN,NORMAL,11.0,218.230,24.103,100.000,213.094,15.827,99.459,9.754
MOUNTAIN_NORMAL,MOUNTAIN,NORMAL,12.0,237.703,28.662,100.000,232.657,17.025,99.594,12.691
MOUNTAIN_NORMAL,MOUNTAIN,NORMAL,13.0,257.081,33.610,100.000,253.399,22.056,101.312,12.197
MOUNTAIN_NORMAL,MOUNTAIN,NORMAL,14.0,276.356,38.945,100.000,272.965,27.869,100.009,11.583
MOUNTAIN_NORMAL,MOUNTAIN,NORMAL,15.0,295.520,44.664,100.000,292.205,35.054,99.036,10.211
MOUNTAIN_NORMAL,MOUNTAIN,NORMAL,16.0,314.567,50.765,100.000,311.035,40.072,100.250,11.264
MOUNTAIN_NORMAL,MOUNTAIN,NORMAL,17.0,333.487,57.245,100.000,329.585,45.979,99.176,11.951
MOUNTAIN_NORMAL,MOUNTAIN,NORMAL,18.0,352.274,64.103,100.000,350.406,52.258,99.080,12.026
MOUNTAIN_NORMAL,MOUNTAIN,NORMAL,19.0,370.920,71.335,100.000,371.932,59.428,98.716,12.019
MOUNTAIN_NORMAL,MOUNTAIN,NORMAL,20.0,389.418,78.939,100.000,389.091,68.980,99.161,10.000
MOUNTAIN_NORMAL,MOUNTAIN,NORMAL,21.0,407.760,86.911,100.000,408.247,77.080,98.440,9.966
MOUNTAIN_NORMAL,MOUNTAIN,NORMAL,22.0,425.939,95.248,100.000,427.084,85.424,99.308,9.915
MOUNTAIN_NORMAL,MOUNTAIN,NORMAL,23.0,443.948,103.948,100.000,445.906,93.228,98.999,10.943
MOUNTAIN_NORMAL,MOUNTAIN,NORMAL,24.0,461.779,113.005,100.000,463.492,103.864,100.941,9.347
MOUNTAIN_NORMAL,MOUNTAIN,NORMAL,25.0,479.426,122.417,100.000,482.929,111.346,99.902,11.613
MOUNTAIN_NORMAL,MOUNTAIN,NORMAL,26.0,496.880,132.181,100.000,499.624,121.178,99.019,11.382
MOUNTAIN_NORMAL,MOUNTAIN,NORMAL,27.0,514.136,142.291,100.000,517.057,132.575,98.978,10.198
MOUNTAIN_NORMAL,MOUNTAIN,NORMAL,28.0,531.186,152.745,100.000,534.807,142.131,99.310,11.235
MOUNTAIN_NORMAL,MOUNTAIN,NORMAL,29.0,548.024,163.537,100.000,550.611,152.499,98.625,11.421
MOUNTAIN_NORMAL,MOUNTAIN,NORMAL,30.0,564.642,174.664,100.000,567.229,163.452,97.187,11.846
MOUNTAIN_NORMAL,MOUNTAIN,NORMAL,31.0,581.035,186.122,100.000,581.911,175.943,97.196,10.594
MOUNTAIN_NORMAL,MOUNTAIN,NORMAL,32.0,597.195,197.904,100.000,597.829,191.323,96.471,7.495
MOUNTAIN_NORMAL,MOUNTAIN,NORMAL,33.0,613.117,210.008,100.000,613.085,202.857,98.251,7.362
MOUNTAIN_NORMAL,MOUNTAIN,NORMAL,34.0,628.793,222.427,100.000,629.288,214.775,96.310,8.510
MOUNTAIN_NORMAL,MOUNTAIN,NORMAL,35.0,644.218,235.158,100.000,645.042,226.688,96.337,9.264
MOUNTAIN_NORMAL,MOUNTAIN,NORMAL,36.0,659.385,248.194,100.000,660.953,239.457,96.347,9.600
MOUNTAIN_NORMAL,MOUNTAIN,NORMAL,37.0,674.288,261.531,100.000,676.219,252.342,96.830,9.911
MOUNTAIN_NORMAL,MOUNTAIN,NORMAL,38.0,688.921,275.164,100.000,691.780,267.240,98.030,8.652
MOUNTAIN_NORMAL,MOUNTAIN,NORMAL,39.0,703.279,289.086,100.000,706.977,282.558,97.226,7.999
MOUNTAIN_NORMAL,MOUNTAIN,NORMAL,40.0,717.356,303.293,100.000,722.017,296.976,98.314,8.030
MOUNTAIN_NORMAL,MOUNTAIN,NORMAL,41.0,731.146,317.779,100.000,737.320,311.661,97.795,8.968
MOUNTAIN_NORMAL,MOUNTAIN,NORMAL,42.0,744.643,332.537,100.000,751.746,326.782,98.372,9.285
MOUNTAIN_NORMAL,MOUNTAIN,NORMAL,43.0,757.843,347.563,100.000,765.255,342.066,97.542,9.550
MOUNTAIN_NORMAL,MOUNTAIN,NORMAL,44.0,770.739,362.849,100.000,777.018,359.716,99.742,7.022
MOUNTAIN_NORMAL,MOUNTAIN,NORMAL,45.0,783.327,378.390,100.000,789.934,374.345,100.345,7.755
MOUNTAIN_NORMAL,MOUNTAIN,NORMAL,46.0,795.602,394.180,100.000,801.396,389.124,102.160,7.987
MOUNTAIN_NORMAL,MOUNTAIN,NORMAL,47.0,807.558,410.212,100.000,812.840,405.680,103.019,7.586
MOUNTAIN_NORMAL,MOUNTAIN,NORMAL,48.0,819.192,426.480,100.000,825.982,422.766,103.663,8.563
MOUNTAIN_NORMAL,MOUNTAIN,NORMAL,49.0,830.497,442.977,100.000,838.854,441.468,103.298,9.110
MOUNTAIN_NORMAL,MOUNTAIN,NORMAL,50.0,841.471,459.698,100.000,848.564,458.482,102.631,7.662
MOUNTAIN_NORMAL,MOUNTAIN,NORMAL,51.0,852.108,476.634,100.000,858.168,473.911,100.770,6.688
MOUNTAIN_NORMAL,MOUNTAIN,NORMAL,52.0,862.404,493.780,100.000,868.061,490.130,100.664,6.765
MOUNTAIN_NORMAL,MOUNTAIN,NORMAL,53.0,872.355,511.128,100.000,879.036,507.955,98.603,7.526
MOUNTAIN_NORMAL,MOUNTAIN,NORMAL,54.0,881.958,528.672,100.000,889.511,523.833,97.632,9.277
MOUNTAIN_NORMAL,MOUNTAIN,NORMAL,55.0,891.207,546.404,100.000,899.675,541.231,100.522,9.937
MOUNTAIN_NORMAL,MOUNTAIN,NORMAL,56.0,900.100,564.318,100.000,911.342,560.531,101.013,11.906
MOUNTAIN_NORMAL,MOUNTAIN,NORMAL,57.0,908.633,582.405,100.000,919.126,577.535,101.378,11.650
MOUNTAIN_NORMAL,MOUNTAIN,NORMAL,58.0,916.803,600.660,100.000,926.980,597.228,100.438,10.750
MOUNTAIN_NORMAL,MOUNTAIN,NORMAL,59.0,924.606,619.075,100.000,933.148,615.997,100.715,9.108
MOUNTAIN_NORMAL,MOUNTAIN,NORMAL,60.0,932.039,637.642,100.000,941.307,632.821,100.593,10.464
MOUNTAIN_NORMAL,MOUNTAIN,NORMAL,61.0,939.099,656.354,100.000,949.280,652.182,100.898,11.039
MOUNTAIN_NORMAL,MOUNTAIN,NORMAL,62.0,945.784,675.204,100.000,954.426,670.979,100.102,9.619
MOUNTAIN_NORMAL,MOUNTAIN,NORMAL,63.0,952.090,694.183,100.000,961.463,687.997,99.670,11.235
MOUNTAIN_NORMAL,MOUNTAIN,NORMAL,64.0,958.016,713.285,100.000,967.106,708.060,98.241,10.631
MOUNTAIN_NORMAL,MOUNTAIN,NORMAL,65.0,963.558,732.501,100.000,972.576,725.556,98.145,11.533
MOUNTAIN_NORMAL,MOUNTAIN,NORMAL,66.0,968.715,751.825,100.000,979.001,743.831,99.076,13.060
MOUNTAIN_NORMAL,MOUNTAIN,NORMAL,67.0,973.485,771.247,100.000,982.928,763.914,99.429,11.970
MOUNTAIN_NORMAL,MOUNTAIN,NORMAL,68.0,977.865,790.761,100.000,985.542,783.844,99.923,10.335
MOUNTAIN_NORMAL,MOUNTAIN,NORMAL,69.0,981.854,810.359,100.000,989.531,804.001,97.973,10.173
MOUNTAIN_NORMAL,MOUNTAIN,NORMAL,70.0,985.450,830.033,100.000,995.259,825.044,97.036,11.398
MOUNTAIN_NORMAL,MOUNTAIN,NORMAL,71.0,988.652,849.775,100.000,997.133,846.613,96.998,9.536
MOUNTAIN_NORMAL,MOUNTAIN,NORMAL,72.0,991.458,869.576,100.000,999.069,866.716,98.750,8.226
MOUNTAIN_NORMAL,MOUNTAIN,NORMAL,73.0,993.868,889.430,100.000,1002.293,888.219,99.465,8.529
MOUNTAIN_NORMAL,MOUNTAIN,NORMAL,74.0,995.881,909.328,100.000,1006.689,908.180,99.457,10.883
MOUNTAIN_NORMAL,MOUNTAIN,NORMAL,75.0,997.495,929.263,100.000,1007.022,928.939,101.090,9.595
MOUNTAIN_NORMAL,MOUNTAIN,NORMAL,76.0,998.710,949.226,100.000,1007.168,946.189,101.028,9.045
MOUNTAIN_NORMAL,MOUNTAIN,NORMAL,77.0,999.526,969.209,100.000,1009.125,968.554,100.032,9.621
MOUNTAIN_NORMAL,MOUNTAIN,NORMAL,78.0,999.942,989.204,100.000,1006.076,988.895,100.233,6.146
MOUNTAIN_NORMAL,MOUNTAIN,NORMAL,79.0,999.958,1009.204,100.000,1006.678,1006.589,101.185,7.307
MOUNTAIN_NORMAL,MOUNTAIN,NORMAL,80.0,999.574,1029.200,100.000,1006.186,1027.143,100.285,6.931
MOUNTAIN_NORMAL,MOUNTAIN,NORMAL,81.0,998.790,1049.184,100.000,1005.289,1047.117,101.166,6.919
MOUNTAIN_NORMAL,MOUNTAIN,NORMAL,82.0,997.606,1069.148,100.000,1004.553,1067.432,101.197,7.255
MOUNTAIN_NORMAL,MOUNTAIN,NORMAL,83.0,996.024,1089.085,100.000,1004.430,1085.494,100.318,9.147
MOUNTAIN_NORMAL,MOUNTAIN,NORMAL,84.0,994.043,1108.987,100.000,1002.501,1103.836,99.139,9.940
MOUNTAIN_NORMAL,MOUNTAIN,NORMAL,85.0,991.665,1128.844,100.000,999.397,1125.744,98.444,8.475
MOUNTAIN_NORMAL,MOUNTAIN,NORMAL,86.0,988.890,1148.651,100.000,997.368,1145.835,98.065,9.141
MOUNTAIN_NORMAL,MOUNTAIN,NORMAL,87.0,985.719,1168.397,100.000,996.097,1169.255,97.952,10.612
MOUNTAIN_NORMAL,MOUNTAIN,NORMAL,88.0,982.154,1188.077,100.000,993.263,1187.833,98.196,11.257
MOUNTAIN_NORMAL,MOUNTAIN,NORMAL,89.0,978.197,1207.681,100.000,989.048,1207.374,97.581,11.122
MOUNTAIN_NORMAL,MOUNTAIN,NORMAL,90.0,973.848,1227.202,100.000,987.519,1227.174,98.041,13.811
MOUNTAIN_NORMAL,MOUNTAIN,NORMAL,91.0,969.109,1246.632,100.000,980.920,1245.281,96.472,12.400
MOUNTAIN_NORMAL,MOUNTAIN,NORMAL,92.0,963.983,1265.964,100.000,974.747,1264.746,95.351,11.788
MOUNTAIN_NORMAL,MOUNTAIN,NORMAL,93.0,958.471,1285.189,100.000,968.857,1286.382,98.095,10.626
MOUNTAIN_NORMAL,MOUNTAIN,NORMAL,94.0,952.576,1304.300,100.000,960.380,1307.657,100.292,8.501
MOUNTAIN_NORMAL,MOUNTAIN,NORMAL,95.0,946.300,1323.290,100.000,953.283,1327.776,99.663,8.307
MOUNTAIN_NORMAL,MOUNTAIN,NORMAL,96.0,939.645,1342.150,100.000,947.674,1347.363,97.989,9.782
MOUNTAIN_NORMAL,MOUNTAIN,NORMAL,97.0,932.615,1360.873,100.000,940.896,1366.596,98.098,10.244
MOUNTAIN_NORMAL,MOUNTAIN,NORMAL,98.0,925.212,1379.452,100.000,932.560,1383.776,99.453,8.544
MOUNTAIN_NORMAL,MOUNTAIN,NORMAL,99.0,917.438,1397.879,100.000,926.855,1401.875,98.876,10.291
MOUNTAIN_NORMAL,MOUNTAIN,NORMAL,100.0,909.297,1416.147,100.000,917.778,1419.285,99.605,9.051
TUNNEL_NORMAL,TUNNEL,NORMAL,0.0,0.000,0.000,100.000,28.595,0.236,100.129,28.596
TUNNEL_NORMAL,TUNNEL,NORMAL,1.0,19.999,0.200,100.000,47.194,0.803,100.392,27.205
TUNNEL_NORMAL,TUNNEL,NORMAL,2.0,39.989,0.800,100.000,65.964,1.871,99.896,25.997
TUNNEL_NORMAL,TUNNEL,NORMAL,3.0,59.964,1.799,100.000,83.399,2.710,99.158,23.468
TUNNEL_NORMAL,TUNNEL,NORMAL,4.0,79.915,3.198,100.000,100.636,3.188,100.863,20.740
TUNNEL_NORMAL,TUNNEL,NORMAL,5.0,99.833,4.996,100.000,116.702,2.788,100.418,17.018
TUNNEL_NORMAL,TUNNEL,NORMAL,6.0,119.712,7.191,100.000,132.508,2.940,100.316,13.487
TUNNEL_NORMAL,TUNNEL,NORMAL,7.0,139.543,9.784,100.000,148.056,4.858,98.813,9.906
TUNNEL_NORMAL,TUNNEL,NORMAL,8.0,159.318,12.773,100.000,163.627,4.300,97.035,9.957
TUNNEL_NORMAL,TUNNEL,NORMAL,9.0,179.030,16.156,100.000,181.594,8.114,95.115,9.753
TUNNEL_NORMAL,TUNNEL,NORMAL,10.0,198.669,19.933,100.000,196.701,10.596,95.034,10.757
TUNNEL_NORMAL,TUNNEL,NORMAL,11.0,218.230,24.103,100.000,213.470,13.862,94.449,12.583
TUNNEL_NORMAL,TUNNEL,NORMAL,12.0,237.703,28.662,100.000,231.357,18.411,93.461,13.715
TUNNEL_NORMAL,TUNNEL,NORMAL,13.0,257.081,33.610,100.000,249.725,20.629,93.287,16.361
TUNNEL_NORMAL,TUNNEL,NORMAL,14.0,276.356,38.945,100.000,269.385,25.225,92.369,17.177
TUNNEL_NORMAL,TUNNEL,NORMAL,15.0,295.520,44.664,100.000,287.121,27.675,91.162,20.911
TUNNEL_NORMAL,TUNNEL,NORMAL,16.0,314.567,50.765,100.000,308.595,34.025,92.178,19.418
TUNNEL_NORMAL,TUNNEL,NORMAL,17.0,333.487,57.245,100.000,328.636,42.960,92.885,16.681
TUNNEL_NORMAL,TUNNEL,NORMAL,18.0,352.274,64.103,100.000,346.228,48.683,91.173,18.769
TUNNEL_NORMAL,TUNNEL,NORMAL,19.0,370.920,71.335,100.000,363.971,55.625,93.007,18.547
TUNNEL_NORMAL,TUNNEL,NORMAL,20.0,389.418,78.939,100.000,380.623,63.738,92.105,19.255
TUNNEL_NORMAL,TUNNEL,NORMAL,21.0,407.760,86.911,100.000,401.940,68.751,91.029,21.074
TUNNEL_NORMAL,TUNNEL,NORMAL,22.0,425.939,95.248,100.000,419.321,76.266,91.984,21.642
TUNNEL_NORMAL,TUNNEL,NORMAL,23.0,443.948,103.948,100.000,436.564,84.478,93.237,21.893
TUNNEL_NORMAL,TUNNEL,NORMAL,24.0,461.779,113.005,100.000,455.941,92.018,91.495,23.385
TUNNEL_NORMAL,TUNNEL,NORMAL,25.0,479.426,122.417,100.000,472.686,101.060,94.613,23.034
TUNNEL_NORMAL,TUNNEL,NORMAL,26.0,496.880,132.181,100.000,490.638,113.520,95.770,20.127
TUNNEL_NORMAL,TUNNEL,NORMAL,27.0,514.136,142.291,100.000,508.108,120.784,95.877,22.713
TUNNEL_NORMAL,TUNNEL,NORMAL,28.0,531.186,152.745,100.000,528.925,130.460,95.811,22.787
TUNNEL_NORMAL,TUNNEL,NORMAL,29.0,548.024,163.537,100.000,546.808,141.348,95.932,22.592
TUNNEL_NORMAL,TUNNEL,NORMAL,30.0,564.642,174.664,100.000,563.753,153.127,97.925,21.656
TUNNEL_NORMAL,TUNNEL,NORMAL,31.0,581.035,186.122,100.000,580.040,164.742,96.845,21.634
TUNNEL_NORMAL,TUNNEL,NORMAL,32.0,597.195,197.904,100.000,596.833,178.371,96.828,19.793
TUNNEL_NORMAL,TUNNEL,NORMAL,33.0,613.117,210.008,100.000,616.087,190.745,98.632,19.539
TUNNEL_NORMAL,TUNNEL,NORMAL,34.0,628.793,222.427,100.000,634.128,203.692,100.548,19.488
TUNNEL_NORMAL,TUNNEL,NORMAL,35.0,644.218,235.158,100.000,651.811,217.565,100.044,19.162
TUNNEL_NORMAL,TUNNEL,NORMAL,36.0,659.385,248.194,100.000,667.676,232.539,100.949,17.741
TUNNEL_NORMAL,TUNNEL,NORMAL,37.0,674.288,261.531,100.000,684.481,245.659,98.505,18.922
TUNNEL_NORMAL,TUNNEL,NORMAL,38.0,688.921,275.164,100.000,701.353,258.739,96.235,20.940
TUNNEL_NORMAL,TUNNEL,NORMAL,39.0,703.279,289.086,100.000,713.345,270.818,98.098,20.944
TUNNEL_NORMAL,TUNNEL,NORMAL,40.0,717.356,303.293,100.000,730.974,285.091,97.417,22.879
TUNNEL_NORMAL,TUNNEL,NORMAL,41.0,731.146,317.779,100.000,747.154,303.501,99.922,21.450
TUNNEL_NORMAL,TUNNEL,NORMAL,42.0,744.643,332.537,100.000,759.940,317.492,99.577,21.460
TUNNEL_NORMAL,TUNNEL,NORMAL,43.0,757.843,347.563,100.000,772.004,330.862,100.617,21.905
TUNNEL_NORMAL,TUNNEL,NORMAL,44.0,770.739,362.849,100.000,784.844,348.930,101.002,19.842
TUNNEL_NORMAL,TUNNEL,NORMAL,45.0,783.327,378.390,100.000,797.705,364.588,101.307,19.974
TUNNEL_NORMAL,TUNNEL,NORMAL,46.0,795.602,394.180,100.000,810.949,380.298,101.013,20.719
TUNNEL_NORMAL,TUNNEL,NORMAL,47.0,807.558,410.212,100.000,823.183,397.579,101.129,20.125
TUNNEL_NORMAL,TUNNEL,NORMAL,48.0,819.192,426.480,100.000,832.377,413.572,104.375,18.964
TUNNEL_NORMAL,TUNNEL,NORMAL,49.0,830.497,442.977,100.000,844.698,429.471,99.960,19.597
TUNNEL_NORMAL,TUNNEL,NORMAL,50.0,841.471,459.698,100.000,854.219,445.308,98.780,19.263
TUNNEL_NORMAL,TUNNEL,NORMAL,51.0,852.108,476.634,100.000,864.703,461.233,94.702,20.589
TUNNEL_NORMAL,TUNNEL,NORMAL,52.0,862.404,493.780,100.000,875.383,482.377,97.555,17.449
TUNNEL_NORMAL,TUNNEL,NORMAL,53.0,872.355,511.128,100.000,884.839,502.200,96.115,15.831
TUNNEL_NORMAL,TUNNEL,NORMAL,54.0,881.958,528.672,100.000,895.587,515.113,95.755,19.687
TUNNEL_NORMAL,TUNNEL,NORMAL,55.0,891.207,546.404,100.000,905.103,532.561,95.169,20.200
TUNNEL_NORMAL,TUNNEL,NORMAL,56.0,900.100,564.318,100.000,912.276,552.738,97.339,17.012
TUNNEL_NORMAL,TUNNEL,NORMAL,57.0,908.633,582.405,100.000,921.637,570.752,96.936,17.729
TUNNEL_NORMAL,TUNNEL,NORMAL,58.0,916.803,600.660,100.000,929.939,588.220,95.860,18.559
TUNNEL_NORMAL,TUNNEL,NORMAL,59.0,924.606,619.075,100.000,938.870,607.696,91.508,20.126
TUNNEL_NORMAL,TUNNEL,NORMAL,60.0,932.039,637.642,100.000,945.058,630.490,91.447,17.140
TUNNEL_NORMAL,TUNNEL,NORMAL,61.0,939.099,656.354,100.000,952.823,648.748,91.128,18.025
TUNNEL_NORMAL,TUNNEL,NORMAL,62.0,945.784,675.204,100.000,958.440,665.826,90.668,18.309
TUNNEL_NORMAL,TUNNEL,NORMAL,63.0,952.090,694.183,100.000,966.017,684.553,91.820,18.804
TUNNEL_NORMAL,TUNNEL,NORMAL,64.0,958.016,713.285,100.000,971.614,705.571,93.047,17.110
TUNNEL_NORMAL,TUNNEL,NORMAL,65.0,963.558,732.501,100.000,978.055,725.809,93.360,17.292
TUNNEL_NORMAL,TUNNEL,NORMAL,66.0,968.715,751.825,100.000,980.695,746.849,92.064,15.207
TUNNEL_NORMAL,TUNNEL,NORMAL,67.0,973.485,771.247,100.000,988.030,766.046,93.270,16.850
TUNNEL_NORMAL,TUNNEL,NORMAL,68.0,977.865,790.761,100.000,991.752,784.632,96.024,15.692
TUNNEL_NORMAL,TUNNEL,NORMAL,69.0,981.854,810.359,100.000,996.769,803.865,100.026,16.268
TUNNEL_NORMAL,TUNNEL,NORMAL,70.0,985.450,830.033,100.000,1001.001,824.202,100.107,16.609
TUNNEL_NORMAL,TUNNEL,NORMAL,71.0,988.652,849.775,100.000,1004.898,844.510,101.181,17.118
TUNNEL_NORMAL,TUNNEL,NORMAL,72.0,991.458,869.576,100.000,1007.680,862.758,102.142,17.726
TUNNEL_NORMAL,TUNNEL,NORMAL,73.0,993.868,889.430,100.000,1011.446,882.745,101.463,18.863
TUNNEL_NORMAL,TUNNEL,NORMAL,74.0,995.881,909.328,100.000,1012.404,902.707,101.393,17.855
TUNNEL_NORMAL,TUNNEL,NORMAL,75.0,997.495,929.263,100.000,1015.565,918.000,101.004,21.316
TUNNEL_NORMAL,TUNNEL,NORMAL,76.0,998.710,949.226,100.000,1018.544,940.410,99.862,21.705
TUNNEL_NORMAL,TUNNEL,NORMAL,77.0,999.526,969.209,100.000,1019.294,961.594,100.883,21.203
TUNNEL_NORMAL,TUNNEL,NORMAL,78.0,999.942,989.204,100.000,1022.275,984.476,101.760,22.896
TUNNEL_NORMAL,TUNNEL,NORMAL,79.0,999.958,1009.204,100.000,1023.182,1004.354,100.880,23.742
TUNNEL_NORMAL,TUNNEL,NORMAL,80.0,999.574,1029.200,100.000,1022.266,1023.224,103.193,23.682
TUNNEL_NORMAL,TUNNEL,NORMAL,81.0,998.790,1049.184,100.000,1019.374,1044.744,101.258,21.095
TUNNEL_NORMAL,TUNNEL,NORMAL,82.0,997.606,1069.148,100.000,1016.038,1063.866,99.854,19.174
TUNNEL_NORMAL,TUNNEL,NORMAL,83.0,996.024,1089.085,100.000,1014.789,1087.011,97.779,19.010
TUNNEL_NORMAL,TUNNEL,NORMAL,84.0,994.043,1108.987,100.000,1013.890,1109.342,97.683,19.985
TUNNEL_NORMAL,TUNNEL,NORMAL,85.0,991.665,1128.844,100.000,1013.115,1128.582,98.012,21.543
TUNNEL_NORMAL,TUNNEL,NORMAL,86.0,988.890,1148.651,100.000,1009.115,1146.911,101.218,20.336
TUNNEL_NORMAL,TUNNEL,NORMAL,87.0,985.719,1168.397,100.000,1002.904,1166.652,101.869,17.374
TUNNEL_NORMAL,TUNNEL,NORMAL,88.0,982.154,1188.077,100.000,1000.653,1187.924,103.336,18.798
TUNNEL_NORMAL,TUNNEL,NORMAL,89.0,978.197,1207.681,100.000,996.874,1208.809,103.435,19.024
TUNNEL_NORMAL,TUNNEL,NORMAL,90.0,973.848,1227.202,100.000,994.002,1229.581,102.002,20.392
TUNNEL_NORMAL,TUNNEL,NORMAL,91.0,969.109,1246.632,100.000,990.426,1252.694,102.373,22.288
TUNNEL_NORMAL,TUNNEL,NORMAL,92.0,963.983,1265.964,100.000,989.155,1270.954,101.673,25.717
TUNNEL_NORMAL,TUNNEL,NORMAL,93.0,958.471,1285.189,100.000,983.362,1290.082,101.190,25.395
TUNNEL_NORMAL,TUNNEL,NORMAL,94.0,952.576,1304.300,100.000,977.846,1310.791,101.963,26.164
TUNNEL_NORMAL,TUNNEL,NORMAL,95.0,946.300,1323.290,100.000,968.258,1331.712,100.946,23.536
TUNNEL_NORMAL,TUNNEL,NORMAL,96.0,939.645,1342.150,100.000,960.554,1352.476,101.180,23.349
TUNNEL_NORMAL,TUNNEL,NORMAL,97.0,932.615,1360.873,100.000,953.802,1370.620,99.001,23.343
TUNNEL_NORMAL,TUNNEL,NORMAL,98.0,925.212,1379.452,100.000,947.523,1387.193,96.588,23.861
TUNNEL_NORMAL,TUNNEL,NORMAL,99.0,917.438,1397.879,100.000,936.960,1407.059,96.704,21.823
TUNNEL_NORMAL,TUNNEL,NORMAL,100.0,909.297,1416.147,100.000,927.727,1425.383,92.910,21.800
OPEN_AREA_AM,OPEN_AREA,AM,0.0,0.000,0.000,100.000,26.310,0.142,99.911,26.310
OPEN_AREA_AM,OPEN_AREA,AM,1.0,19.999,0.200,100.000,42.810,0.441,99.428,22.819
OPEN_AREA_AM,OPEN_AREA,AM,2.0,39.989,0.800,100.000,57.905,1.261,98.546,17.980
OPEN_AREA_AM,OPEN_AREA,AM,3.0,59.964,1.799,100.000,72.889,1.397,97.748,13.126
OPEN_AREA_AM,OPEN_AREA,AM,4.0,79.915,3.198,100.000,87.244,1.324,97.348,8.016
OPEN_AREA_AM,OPEN_AREA,AM,5.0,99.833,4.996,100.000,103.298,2.390,97.439,5.035
OPEN_AREA_AM,OPEN_AREA,AM,6.0,119.712,7.191,100.000,120.575,3.860,99.068,3.566
OPEN_AREA_AM,OPEN_AREA,AM,7.0,139.543,9.784,100.000,139.250,5.454,98.949,4.466
OPEN_AREA_AM,OPEN_AREA,AM,8.0,159.318,12.773,100.000,157.650,7.409,99.210,5.672
OPEN_AREA_AM,OPEN_AREA,AM,9.0,179.030,16.156,100.000,176.489,9.028,98.921,7.644
OPEN_AREA_AM,OPEN_AREA,AM,10.0,198.669,19.933,100.000,195.301,12.554,98.668,8.221
OPEN_AREA_AM,OPEN_AREA,AM,11.0,218.230,24.103,100.000,214.035,15.209,99.104,9.874
OPEN_AREA_AM,OPEN_AREA,AM,12.0,237.703,28.662,100.000,233.491,20.447,98.440,9.363
OPEN_AREA_AM,OPEN_AREA,AM,13.0,257.081,33.610,100.000,252.135,24.538,97.888,10.546
OPEN_AREA_AM,OPEN_AREA,AM,14.0,276.356,38.945,100.000,271.275,29.046,98.717,11.200
OPEN_AREA_AM,OPEN_AREA,AM,15.0,295.520,44.664,100.000,291.416,33.967,98.702,11.530
OPEN_AREA_AM,OPEN_AREA,AM,16.0,314.567,50.765,100.000,311.611,40.576,98.989,10.657
OPEN_AREA_AM,OPEN_AREA,AM,17.0,333.487,57.245,100.000,331.361,47.133,97.935,10.538
OPEN_AREA_AM,OPEN_AREA,AM,18.0,352.274,64.103,100.000,350.075,54.776,98.332,9.727
OPEN_AREA_AM,OPEN_AREA,AM,19.0,370.920,71.335,100.000,369.406,61.777,98.128,9.857
OPEN_AREA_AM,OPEN_AREA,AM,20.0,389.418,78.939,100.000,388.343,68.807,98.291,10.331
OPEN_AREA_AM,OPEN_AREA,AM,21.0,407.760,86.911,100.000,408.182,77.300,97.839,9.860
OPEN_AREA_AM,OPEN_AREA,AM,22.0,425.939,95.248,100.000,426.428,86.477,97.914,9.029
OPEN_AREA_AM,OPEN_AREA,AM,23.0,443.948,103.948,100.000,445.690,95.343,97.432,9.147
OPEN_AREA_AM,OPEN_AREA,AM,24.0,461.779,113.005,100.000,464.152,103.657,97.598,9.940
OPEN_AREA_AM,OPEN_AREA,AM,25.0,479.426,122.417,100.000,482.666,114.039,97.372,9.360
OPEN_AREA_AM,OPEN_AREA,AM,26.0,496.880,132.181,100.000,499.829,123.119,97.070,9.969
OPEN_AREA_AM,OPEN_AREA,AM,27.0,514.136,142.291,100.000,516.775,132.783,97.249,10.244
OPEN_AREA_AM,OPEN_AREA,AM,28.0,531.186,152.745,100.000,533.786,143.609,97.555,9.808
OPEN_AREA_AM,OPEN_AREA,AM,29.0,548.024,163.537,100.000,550.566,154.196,98.883,9.745
OPEN_AREA_AM,OPEN_AREA,AM,30.0,564.642,174.664,100.000,567.879,166.016,99.130,9.275
OPEN_AREA_AM,OPEN_AREA,AM,31.0,581.035,186.122,100.000,584.610,177.959,99.029,8.964
OPEN_AREA_AM,OPEN_AREA,AM,32.0,597.195,197.904,100.000,601.820,189.715,99.542,9.416
OPEN_AREA_AM,OPEN_AREA,AM,33.0,613.117,210.008,100.000,617.794,202.358,99.378,8.988
OPEN_AREA_AM,OPEN_AREA,AM,34.0,628.793,222.427,100.000,634.069,214.235,98.915,9.804
OPEN_AREA_AM,OPEN_AREA,AM,35.0,644.218,235.158,100.000,649.847,227.272,98.656,9.782
OPEN_AREA_AM,OPEN_AREA,AM,36.0,659.385,248.194,100.000,664.796,239.685,98.213,10.241
OPEN_AREA_AM,OPEN_AREA,AM,37.0,674.288,261.531,100.000,679.610,254.002,98.287,9.379
OPEN_AREA_AM,OPEN_AREA,AM,38.0,688.921,275.164,100.000,694.668,268.084,99.353,9.142
OPEN_AREA_AM,OPEN_AREA,AM,39.0,703.279,289.086,100.000,708.755,283.343,99.983,7.936
OPEN_AREA_AM,OPEN_AREA,AM,40.0,717.356,303.293,100.000,723.915,297.497,100.845,8.794
OPEN_AREA_AM,OPEN_AREA,AM,41.0,731.146,317.779,100.000,737.462,312.003,100.957,8.612
OPEN_AREA_AM,OPEN_AREA,AM,42.0,744.643,332.537,100.000,750.834,327.448,100.905,8.065
OPEN_AREA_AM,OPEN_AREA,AM,43.0,757.843,347.563,100.000,763.287,342.658,100.086,7.328
OPEN_AREA_AM,OPEN_AREA,AM,44.0,770.739,362.849,100.000,776.337,357.727,100.360,7.596
OPEN_AREA_AM,OPEN_AREA,AM,45.0,783.327,378.390,100.000,789.943,373.306,100.766,8.379
OPEN_AREA_AM,OPEN_AREA,AM,46.0,795.602,394.180,100.000,801.762,388.441,101.562,8.563
OPEN_AREA_AM,OPEN_AREA,AM,47.0,807.558,410.212,100.000,813.974,404.718,101.118,8.521
OPEN_AREA_AM,OPEN_AREA,AM,48.0,819.192,426.480,100.000,825.948,420.925,100.461,8.759
OPEN_AREA_AM,OPEN_AREA,AM,49.0,830.497,442.977,100.000,837.196,436.815,100.395,9.111
OPEN_AREA_AM,OPEN_AREA,AM,50.0,841.471,459.698,100.000,847.806,453.376,100.182,8.952
OPEN_AREA_AM,OPEN_AREA,AM,51.0,852.108,476.634,100.000,859.569,471.146,100.180,9.264
OPEN_AREA_AM,OPEN_AREA,AM,52.0,862.404,493.780,100.000,869.892,488.976,99.251,8.927
OPEN_AREA_AM,OPEN_AREA,AM,53.0,872.355,511.128,100.000,878.771,506.857,98.993,7.773
OPEN_AREA_AM,OPEN_AREA,AM,54.0,881.958,528.672,100.000,888.174,523.867,98.719,7.960
OPEN_AREA_AM,OPEN_AREA,AM,55.0,891.207,546.404,100.000,897.684,541.365,99.225,8.242
OPEN_AREA_AM,OPEN_AREA,AM,56.0,900.100,564.318,100.000,907.276,559.678,99.121,8.590
OPEN_AREA_AM,OPEN_AREA,AM,57.0,908.633,582.405,100.000,915.472,577.393,99.616,8.487
OPEN_AREA_AM,OPEN_AREA,AM,58.0,916.803,600.660,100.000,924.074,594.380,98.844,9.677
OPEN_AREA_AM,OPEN_AREA,AM,59.0,924.606,619.075,100.000,932.209,613.887,97.907,9.440
OPEN_AREA_AM,OPEN_AREA,AM,60.0,932.039,637.642,100.000,940.377,633.612,97.554,9.578
OPEN_AREA_AM,OPEN_AREA,AM,61.0,939.099,656.354,100.000,947.595,652.715,98.079,9.440
OPEN_AREA_AM,OPEN_AREA,AM,62.0,945.784,675.204,100.000,953.852,671.442,98.218,9.079
OPEN_AREA_AM,OPEN_AREA,AM,63.0,952.090,694.183,100.000,960.689,690.766,97.666,9.543
OPEN_AREA_AM,OPEN_AREA,AM,64.0,958.016,713.285,100.000,966.771,709.283,97.896,9.854
OPEN_AREA_AM,OPEN_AREA,AM,65.0,963.558,732.501,100.000,972.184,728.428,98.102,9.726
OPEN_AREA_AM,OPEN_AREA,AM,66.0,968.715,751.825,100.000,976.692,747.628,96.907,9.529
OPEN_AREA_AM,OPEN_AREA,AM,67.0,973.485,771.247,100.000,980.794,766.179,96.468,9.570
OPEN_AREA_AM,OPEN_AREA,AM,68.0,977.865,790.761,100.000,985.209,786.749,97.054,8.872
OPEN_AREA_AM,OPEN_AREA,AM,69.0,981.854,810.359,100.000,990.270,805.930,97.405,9.858
OPEN_AREA_AM,OPEN_AREA,AM,70.0,985.450,830.033,100.000,994.347,826.464,98.220,9.751
OPEN_AREA_AM,OPEN_AREA,AM,71.0,988.652,849.775,100.000,996.733,846.423,98.636,8.854
OPEN_AREA_AM,OPEN_AREA,AM,72.0,991.458,869.576,100.000,1000.095,866.084,98.726,9.402
OPEN_AREA_AM,OPEN_AREA,AM,73.0,993.868,889.430,100.000,1002.782,886.856,99.476,9.293
OPEN_AREA_AM,OPEN_AREA,AM,74.0,995.881,909.328,100.000,1004.489,906.823,99.695,8.970
OPEN_AREA_AM,OPEN_AREA,AM,75.0,997.495,929.263,100.000,1006.379,926.692,99.131,9.289
OPEN_AREA_AM,OPEN_AREA,AM,76.0,998.710,949.226,100.000,1008.356,947.294,99.916,9.838
OPEN_AREA_AM,OPEN_AREA,AM,77.0,999.526,969.209,100.000,1008.895,968.666,99.487,9.399
OPEN_AREA_AM,OPEN_AREA,AM,78.0,999.942,989.204,100.000,1009.019,988.750,99.070,9.136
OPEN_AREA_AM,OPEN_AREA,AM,79.0,999.958,1009.204,100.000,1008.986,1008.184,99.333,9.110
OPEN_AREA_AM,OPEN_AREA,AM,80.0,999.574,1029.200,100.000,1008.917,1028.473,98.630,9.472
OPEN_AREA_AM,OPEN_AREA,AM,81.0,998.790,1049.184,100.000,1008.598,1048.453,98.861,9.902
OPEN_AREA_AM,OPEN_AREA,AM,82.0,997.606,1069.148,100.000,1006.279,1068.925,98.740,8.766
OPEN_AREA_AM,OPEN_AREA,AM,83.0,996.024,1089.085,100.000,1005.881,1090.112,99.023,9.959
OPEN_AREA_AM,OPEN_AREA,AM,84.0,994.043,1108.987,100.000,1004.104,1110.190,98.412,10.256
OPEN_AREA_AM,OPEN_AREA,AM,85.0,991.665,1128.844,100.000,1001.880,1129.810,98.279,10.404
OPEN_AREA_AM,OPEN_AREA,AM,86.0,988.890,1148.651,100.000,999.199,1149.283,99.360,10.349
OPEN_AREA_AM,OPEN_AREA,AM,87.0,985.719,1168.397,100.000,996.220,1169.147,99.847,10.528
OPEN_AREA_AM,OPEN_AREA,AM,88.0,982.154,1188.077,100.000,992.533,1189.716,100.166,10.509
OPEN_AREA_AM,OPEN_AREA,AM,89.0,978.197,1207.681,100.000,988.326,1209.010,99.511,10.228
OPEN_AREA_AM,OPEN_AREA,AM,90.0,973.848,1227.202,100.000,983.705,1229.091,99.984,10.037
OPEN_AREA_AM,OPEN_AREA,AM,91.0,969.109,1246.632,100.000,978.066,1248.970,100.454,9.268
OPEN_AREA_AM,OPEN_AREA,AM,92.0,963.983,1265.964,100.000,972.778,1268.884,100.198,9.269
OPEN_AREA_AM,OPEN_AREA,AM,93.0,958.471,1285.189,100.000,967.398,1287.367,100.078,9.189
OPEN_AREA_AM,OPEN_AREA,AM,94.0,952.576,1304.300,100.000,961.613,1306.774,101.095,9.433
OPEN_AREA_AM,OPEN_AREA,AM,95.0,946.300,1323.290,100.000,955.990,1326.883,101.642,10.464
OPEN_AREA_AM,OPEN_AREA,AM,96.0,939.645,1342.150,100.000,949.724,1345.675,99.897,10.678
OPEN_AREA_AM,OPEN_AREA,AM,97.0,932.615,1360.873,100.000,942.137,1365.247,100.542,10.492
OPEN_AREA_AM,OPEN_AREA,AM,98.0,925.212,1379.452,100.000,933.852,1383.710,100.312,9.638
OPEN_AREA_AM,OPEN_AREA,AM,99.0,917.438,1397.879,100.000,925.612,1402.422,100.493,9.365
OPEN_AREA_AM,OPEN_AREA,AM,100.0,909.297,1416.147,100.000,917.961,1420.370,100.053,9.638
OPEN_AREA_FM,OPEN_AREA,FM,0.0,0.000,0.000,100.000,28.208,0.549,99.352,28.220
OPEN_AREA_FM,OPEN_AREA,FM,1.0,19.999,0.200,100.000,45.727,0.866,99.340,25.745
OPEN_AREA_FM,OPEN_AREA,FM,2.0,39.989,0.800,100.000,62.166,1.438,98.276,22.252
OPEN_AREA_FM,OPEN_AREA,FM,3.0,59.964,1.799,100.000,77.809,2.214,97.942,17.968
OPEN_AREA_FM,OPEN_AREA,FM,4.0,79.915,3.198,100.000,93.756,2.306,98.074,14.003
OPEN_AREA_FM,OPEN_AREA,FM,5.0,99.833,4.996,100.000,108.553,3.397,98.806,8.945
OPEN_AREA_FM,OPEN_AREA,FM,6.0,119.712,7.191,100.000,124.845,4.441,99.404,5.854
OPEN_AREA_FM,OPEN_AREA,FM,7.0,139.543,9.784,100.000,141.749,5.939,99.991,4.433
OPEN_AREA_FM,OPEN_AREA,FM,8.0,159.318,12.773,100.000,159.396,8.621,100.072,4.153
OPEN_AREA_FM,OPEN_AREA,FM,9.0,179.030,16.156,100.000,177.286,10.417,98.487,6.186
OPEN_AREA_FM,OPEN_AREA,FM,10.0,198.669,19.933,100.000,195.887,12.088,98.834,8.406
OPEN_AREA_FM,OPEN_AREA,FM,11.0,218.230,24.103,100.000,212.958,16.178,98.973,9.573
OPEN_AREA_FM,OPEN_AREA,FM,12.0,237.703,28.662,100.000,230.553,19.660,99.105,11.531
OPEN_AREA_FM,OPEN_AREA,FM,13.0,257.081,33.610,100.000,250.221,23.655,99.713,12.093
OPEN_AREA_FM,OPEN_AREA,FM,14.0,276.356,38.945,100.000,269.238,27.996,98.793,13.114
OPEN_AREA_FM,OPEN_AREA,FM,15.0,295.520,44.664,100.000,288.971,33.849,98.747,12.705
OPEN_AREA_FM,OPEN_AREA,FM,16.0,314.567,50.765,100.000,307.415,39.537,99.155,13.338
OPEN_AREA_FM,OPEN_AREA,FM,17.0,333.487,57.245,100.000,326.127,45.413,98.926,13.976
OPEN_AREA_FM,OPEN_AREA,FM,18.0,352.274,64.103,100.000,345.207,51.661,99.169,14.333
OPEN_AREA_FM,OPEN_AREA,FM,19.0,370.920,71.335,100.000,366.322,57.730,100.000,14.362
OPEN_AREA_FM,OPEN_AREA,FM,20.0,389.418,78.939,100.000,385.621,64.543,100.010,14.889
OPEN_AREA_FM,OPEN_AREA,FM,21.0,407.760,86.911,100.000,403.460,72.570,99.978,14.972
OPEN_AREA_FM,OPEN_AREA,FM,22.0,425.939,95.248,100.000,422.431,80.593,99.607,15.075
OPEN_AREA_FM,OPEN_AREA,FM,23.0,443.948,103.948,100.000,441.212,89.149,100.174,15.050
OPEN_AREA_FM,OPEN_AREA,FM,24.0,461.779,113.005,100.000,459.569,98.145,100.458,15.030
OPEN_AREA_FM,OPEN_AREA,FM,25.0,479.426,122.417,100.000,478.543,108.667,100.239,13.781
OPEN_AREA_FM,OPEN_AREA,FM,26.0,496.880,132.181,100.000,496.684,117.915,99.552,14.275
OPEN_AREA_FM,OPEN_AREA,FM,27.0,514.136,142.291,100.000,513.270,126.708,99.455,15.617
OPEN_AREA_FM,OPEN_AREA,FM,28.0,531.186,152.745,100.000,530.341,136.286,97.781,16.629
OPEN_AREA_FM,OPEN_AREA,FM,29.0,548.024,163.537,100.000,548.677,147.002,97.226,16.780
OPEN_AREA_FM,OPEN_AREA,FM,30.0,564.642,174.664,100.000,564.608,157.290,96.077,17.812
OPEN_AREA_FM,OPEN_AREA,FM,31.0,581.035,186.122,100.000,581.915,169.730,95.169,17.111
OPEN_AREA_FM,OPEN_AREA,FM,32.0,597.195,197.904,100.000,598.936,181.967,95.247,16.722
OPEN_AREA_FM,OPEN_AREA,FM,33.0,613.117,210.008,100.000,615.202,194.993,94.998,15.963
OPEN_AREA_FM,OPEN_AREA,FM,34.0,628.793,222.427,100.000,631.371,208.208,95.007,15.289
OPEN_AREA_FM,OPEN_AREA,FM,35.0,644.218,235.158,100.000,647.557,221.572,95.399,14.728
OPEN_AREA_FM,OPEN_AREA,FM,36.0,659.385,248.194,100.000,663.783,234.859,96.021,14.595
OPEN_AREA_FM,OPEN_AREA,FM,37.0,674.288,261.531,100.000,679.539,249.200,96.639,13.818
OPEN_AREA_FM,OPEN_AREA,FM,38.0,688.921,275.164,100.000,695.152,263.458,96.758,13.652
OPEN_AREA_FM,OPEN_AREA,FM,39.0,703.279,289.086,100.000,709.476,279.109,97.246,12.063
OPEN_AREA_FM,OPEN_AREA,FM,40.0,717.356,303.293,100.000,725.033,293.077,97.082,13.108
OPEN_AREA_FM,OPEN_AREA,FM,41.0,731.146,317.779,100.000,739.458,308.528,97.990,12.598
OPEN_AREA_FM,OPEN_AREA,FM,42.0,744.643,332.537,100.000,754.167,323.920,98.295,12.956
OPEN_AREA_FM,OPEN_AREA,FM,43.0,757.843,347.563,100.000,768.178,338.454,98.088,13.909
OPEN_AREA_FM,OPEN_AREA,FM,44.0,770.739,362.849,100.000,780.449,354.815,97.898,12.777
OPEN_AREA_FM,OPEN_AREA,FM,45.0,783.327,378.390,100.000,791.678,369.676,97.546,12.317
OPEN_AREA_FM,OPEN_AREA,FM,46.0,795.602,394.180,100.000,804.512,384.960,97.650,13.035
OPEN_AREA_FM,OPEN_AREA,FM,47.0,807.558,410.212,100.000,816.214,400.578,97.905,13.120
OPEN_AREA_FM,OPEN_AREA,FM,48.0,819.192,426.480,100.000,828.279,416.013,97.752,14.042
OPEN_AREA_FM,OPEN_AREA,FM,49.0,830.497,442.977,100.000,839.469,432.328,97.990,14.069
OPEN_AREA_FM,OPEN_AREA,FM,50.0,841.471,459.698,100.000,850.135,449.498,98.066,13.522
OPEN_AREA_FM,OPEN_AREA,FM,51.0,852.108,476.634,100.000,861.284,465.704,98.361,14.365
OPEN_AREA_FM,OPEN_AREA,FM,52.0,862.404,493.780,100.000,871.831,483.403,98.248,14.129
OPEN_AREA_FM,OPEN_AREA,FM,53.0,872.355,511.128,100.000,882.100,501.028,97.400,14.273
OPEN_AREA_FM,OPEN_AREA,FM,54.0,881.958,528.672,100.000,892.355,520.057,97.540,13.725
OPEN_AREA_FM,OPEN_AREA,FM,55.0,891.207,546.404,100.000,901.568,537.837,98.255,13.556
OPEN_AREA_FM,OPEN_AREA,FM,56.0,900.100,564.318,100.000,910.854,556.230,98.715,13.516
OPEN_AREA_FM,OPEN_AREA,FM,57.0,908.633,582.405,100.000,919.717,575.003,98.487,13.414
OPEN_AREA_FM,OPEN_AREA,FM,58.0,916.803,600.660,100.000,928.240,594.159,99.011,13.193
OPEN_AREA_FM,OPEN_AREA,FM,59.0,924.606,619.075,100.000,935.958,611.273,98.466,13.860
OPEN_AREA_FM,OPEN_AREA,FM,60.0,932.039,637.642,100.000,943.913,630.531,98.803,13.892
OPEN_AREA_FM,OPEN_AREA,FM,61.0,939.099,656.354,100.000,949.802,649.045,98.488,13.048
OPEN_AREA_FM,OPEN_AREA,FM,62.0,945.784,675.204,100.000,957.479,668.330,97.886,13.729
OPEN_AREA_FM,OPEN_AREA,FM,63.0,952.090,694.183,100.000,964.046,688.196,97.126,13.676
OPEN_AREA_FM,OPEN_AREA,FM,64.0,958.016,713.285,100.000,970.662,708.438,97.321,13.806
OPEN_AREA_FM,OPEN_AREA,FM,65.0,963.558,732.501,100.000,976.269,727.593,97.175,13.915
OPEN_AREA_FM,OPEN_AREA,FM,66.0,968.715,751.825,100.000,981.740,746.712,97.247,14.261
OPEN_AREA_FM,OPEN_AREA,FM,67.0,973.485,771.247,100.000,986.195,766.404,98.069,13.739
OPEN_AREA_FM,OPEN_AREA,FM,68.0,977.865,790.761,100.000,991.012,786.008,98.539,14.057
OPEN_AREA_FM,OPEN_AREA,FM,69.0,981.854,810.359,100.000,995.064,807.131,99.642,13.604
OPEN_AREA_FM,OPEN_AREA,FM,70.0,985.450,830.033,100.000,997.983,826.377,100.005,13.055
OPEN_AREA_FM,OPEN_AREA,FM,71.0,988.652,849.775,100.000,1001.260,847.299,99.899,12.849
OPEN_AREA_FM,OPEN_AREA,FM,72.0,991.458,869.576,100.000,1004.080,867.277,100.527,12.841
OPEN_AREA_FM,OPEN_AREA,FM,73.0,993.868,889.430,100.000,1005.678,885.594,100.398,12.423
OPEN_AREA_FM,OPEN_AREA,FM,74.0,995.881,909.328,100.000,1008.045,906.189,100.798,12.588
OPEN_AREA_FM,OPEN_AREA,FM,75.0,997.495,929.263,100.000,1009.265,926.833,101.074,12.066
OPEN_AREA_FM,OPEN_AREA,FM,76.0,998.710,949.226,100.000,1010.109,946.449,101.354,11.810
OPEN_AREA_FM,OPEN_AREA,FM,77.0,999.526,969.209,100.000,1010.405,967.280,101.602,11.164
OPEN_AREA_FM,OPEN_AREA,FM,78.0,999.942,989.204,100.000,1010.796,986.394,101.576,11.322
OPEN_AREA_FM,OPEN_AREA,FM,79.0,999.958,1009.204,100.000,1010.774,1007.022,101.388,11.121
OPEN_AREA_FM,OPEN_AREA,FM,80.0,999.574,1029.200,100.000,1011.395,1027.589,100.767,11.955
OPEN_AREA_FM,OPEN_AREA,FM,81.0,998.790,1049.184,100.000,1010.862,1047.609,100.229,12.177
OPEN_AREA_FM,OPEN_AREA,FM,82.0,997.606,1069.148,100.000,1009.849,1067.848,100.263,12.314
OPEN_AREA_FM,OPEN_AREA,FM,83.0,996.024,1089.085,100.000,1008.840,1088.317,99.615,12.845
OPEN_AREA_FM,OPEN_AREA,FM,84.0,994.043,1108.987,100.000,1006.240,1108.629,99.050,12.239
OPEN_AREA_FM,OPEN_AREA,FM,85.0,991.665,1128.844,100.000,1004.606,1128.624,99.059,12.977
OPEN_AREA_FM,OPEN_AREA,FM,86.0,988.890,1148.651,100.000,1002.501,1149.115,98.871,13.666
OPEN_AREA_FM,OPEN_AREA,FM,87.0,985.719,1168.397,100.000,998.994,1169.169,98.580,13.373
OPEN_AREA_FM,OPEN_AREA,FM,88.0,982.154,1188.077,100.000,996.387,1188.626,98.610,14.311
OPEN_AREA_FM,OPEN_AREA,FM,89.0,978.197,1207.681,100.000,992.802,1209.348,98.721,14.756
OPEN_AREA_FM,OPEN_AREA,FM,90.0,973.848,1227.202,100.000,988.121,1229.096,99.207,14.420
OPEN_AREA_FM,OPEN_AREA,FM,91.0,969.109,1246.632,100.000,984.381,1248.774,98.352,15.509
OPEN_AREA_FM,OPEN_AREA,FM,92.0,963.983,1265.964,100.000,979.146,1268.157,98.926,15.358
OPEN_AREA_FM,OPEN_AREA,FM,93.0,958.471,1285.189,100.000,974.014,1288.681,99.054,15.958
OPEN_AREA_FM,OPEN_AREA,FM,94.0,952.576,1304.300,100.000,967.084,1308.351,98.000,15.195
OPEN_AREA_FM,OPEN_AREA,FM,95.0,946.300,1323.290,100.000,960.125,1326.845,98.536,14.350
OPEN_AREA_FM,OPEN_AREA,FM,96.0,939.645,1342.150,100.000,953.070,1346.135,98.209,14.117
OPEN_AREA_FM,OPEN_AREA,FM,97.0,932.615,1360.873,100.000,945.988,1364.408,98.239,13.944
OPEN_AREA_FM,OPEN_AREA,FM,98.0,925.212,1379.452,100.000,938.475,1384.108,99.024,14.091
OPEN_AREA_FM,OPEN_AREA,FM,99.0,917.438,1397.879,100.000,931.559,1403.929,100.424,15.368
OPEN_AREA_FM,OPEN_AREA,FM,100.0,909.297,1416.147,100.000,922.744,1421.754,101.120,14.612
OPEN_AREA_PULSE,OPEN_AREA,PULSE,0.0,0.000,0.000,100.000,24.916,1.211,99.164,24.959
OPEN_AREA_PULSE,OPEN_AREA,PULSE,1.0,19.999,0.200,100.000,39.771,1.372,99.524,19.813
OPEN_AREA_PULSE,OPEN_AREA,PULSE,2.0,39.989,0.800,100.000,53.845,2.494,99.032,13.992
OPEN_AREA_PULSE,OPEN_AREA,PULSE,3.0,59.964,1.799,100.000,69.078,4.040,99.391,9.405
OPEN_AREA_PULSE,OPEN_AREA,PULSE,4.0,79.915,3.198,100.000,84.399,4.287,99.410,4.652
OPEN_AREA_PULSE,OPEN_AREA,PULSE,5.0,99.833,4.996,100.000,101.075,5.805,100.341,1.521
OPEN_AREA_PULSE,OPEN_AREA,PULSE,6.0,119.712,7.191,100.000,118.493,7.232,100.527,1.329
OPEN_AREA_PULSE,OPEN_AREA,PULSE,7.0,139.543,9.784,100.000,137.800,7.966,100.902,2.676
OPEN_AREA_PULSE,OPEN_AREA,PULSE,8.0,159.318,12.773,100.000,156.117,10.916,101.596,4.030
OPEN_AREA_PULSE,OPEN_AREA,PULSE,9.0,179.030,16.156,100.000,175.196,13.652,101.645,4.866
OPEN_AREA_PULSE,OPEN_AREA,PULSE,10.0,198.669,19.933,100.000,195.233,16.010,101.052,5.320
OPEN_AREA_PULSE,OPEN_AREA,PULSE,11.0,218.230,24.103,100.000,214.676,18.589,100.982,6.632
OPEN_AREA_PULSE,OPEN_AREA,PULSE,12.0,237.703,28.662,100.000,233.273,22.873,100.103,7.290
OPEN_AREA_PULSE,OPEN_AREA,PULSE,13.0,257.081,33.610,100.000,253.762,26.462,100.427,7.893
OPEN_AREA_PULSE,OPEN_AREA,PULSE,14.0,276.356,38.945,100.000,273.192,30.928,99.259,8.650
OPEN_AREA_PULSE,OPEN_AREA,PULSE,15.0,295.520,44.664,100.000,292.646,37.141,99.134,8.100
OPEN_AREA_PULSE,OPEN_AREA,PULSE,16.0,314.567,50.765,100.000,312.369,42.476,98.934,8.641
OPEN_AREA_PULSE,OPEN_AREA,PULSE,17.0,333.487,57.245,100.000,331.779,48.221,98.737,9.271
OPEN_AREA_PULSE,OPEN_AREA,PULSE,18.0,352.274,64.103,100.000,350.290,54.302,99.005,10.050
OPEN_AREA_PULSE,OPEN_AREA,PULSE,19.0,370.920,71.335,100.000,369.651,62.244,98.830,9.254
OPEN_AREA_PULSE,OPEN_AREA,PULSE,20.0,389.418,78.939,100.000,388.728,70.169,98.870,8.870
OPEN_AREA_PULSE,OPEN_AREA,PULSE,21.0,407.760,86.911,100.000,407.896,78.235,98.769,8.764
OPEN_AREA_PULSE,OPEN_AREA,PULSE,22.0,425.939,95.248,100.000,426.472,87.047,99.399,8.241
OPEN_AREA_PULSE,OPEN_AREA,PULSE,23.0,443.948,103.948,100.000,444.905,96.150,99.430,7.877
OPEN_AREA_PULSE,OPEN_AREA,PULSE,24.0,461.779,113.005,100.000,462.274,104.247,99.134,8.815
OPEN_AREA_PULSE,OPEN_AREA,PULSE,25.0,479.426,122.417,100.000,480.450,113.989,99.441,8.509
OPEN_AREA_PULSE,OPEN_AREA,PULSE,26.0,496.880,132.181,100.000,498.092,124.112,98.949,8.226
OPEN_AREA_PULSE,OPEN_AREA,PULSE,27.0,514.136,142.291,100.000,515.594,135.320,98.900,7.207
OPEN_AREA_PULSE,OPEN_AREA,PULSE,28.0,531.186,152.745,100.000,534.559,145.737,99.025,7.838
OPEN_AREA_PULSE,OPEN_AREA,PULSE,29.0,548.024,163.537,100.000,551.784,156.553,99.206,7.972
OPEN_AREA_PULSE,OPEN_AREA,PULSE,30.0,564.642,174.664,100.000,569.193,167.972,98.472,8.236
OPEN_AREA_PULSE,OPEN_AREA,PULSE,31.0,581.035,186.122,100.000,585.489,179.906,99.251,7.683
OPEN_AREA_PULSE,OPEN_AREA,PULSE,32.0,597.195,197.904,100.000,601.532,191.162,98.995,8.079
OPEN_AREA_PULSE,OPEN_AREA,PULSE,33.0,613.117,210.008,100.000,616.866,202.947,98.761,8.090
OPEN_AREA_PULSE,OPEN_AREA,PULSE,34.0,628.793,222.427,100.000,632.205,215.052,97.812,8.416
OPEN_AREA_PULSE,OPEN_AREA,PULSE,35.0,644.218,235.158,100.000,647.318,228.371,98.270,7.660
OPEN_AREA_PULSE,OPEN_AREA,PULSE,36.0,659.385,248.194,100.000,661.716,241.924,99.161,6.742
OPEN_AREA_PULSE,OPEN_AREA,PULSE,37.0,674.288,261.531,100.000,676.407,255.143,99.503,6.749
OPEN_AREA_PULSE,OPEN_AREA,PULSE,38.0,688.921,275.164,100.000,692.015,269.310,99.660,6.630
OPEN_AREA_PULSE,OPEN_AREA,PULSE,39.0,703.279,289.086,100.000,705.653,283.436,99.242,6.175
OPEN_AREA_PULSE,OPEN_AREA,PULSE,40.0,717.356,303.293,100.000,720.153,297.204,98.978,6.778
OPEN_AREA_PULSE,OPEN_AREA,PULSE,41.0,731.146,317.779,100.000,735.936,311.881,99.875,7.599
OPEN_AREA_PULSE,OPEN_AREA,PULSE,42.0,744.643,332.537,100.000,749.456,326.072,99.529,8.074
OPEN_AREA_PULSE,OPEN_AREA,PULSE,43.0,757.843,347.563,100.000,761.959,341.975,99.761,6.944
OPEN_AREA_PULSE,OPEN_AREA,PULSE,44.0,770.739,362.849,100.000,774.845,357.026,98.985,7.197
OPEN_AREA_PULSE,OPEN_AREA,PULSE,45.0,783.327,378.390,100.000,787.300,372.819,97.741,7.206
OPEN_AREA_PULSE,OPEN_AREA,PULSE,46.0,795.602,394.180,100.000,800.287,388.076,98.319,7.876
OPEN_AREA_PULSE,OPEN_AREA,PULSE,47.0,807.558,410.212,100.000,811.786,404.424,99.484,7.187
OPEN_AREA_PULSE,OPEN_AREA,PULSE,48.0,819.192,426.480,100.000,823.381,420.989,99.069,6.970
OPEN_AREA_PULSE,OPEN_AREA,PULSE,49.0,830.497,442.977,100.000,834.831,437.043,99.326,7.379
OPEN_AREA_PULSE,OPEN_AREA,PULSE,50.0,841.471,459.698,100.000,846.100,454.320,99.581,7.108
OPEN_AREA_PULSE,OPEN_AREA,PULSE,51.0,852.108,476.634,100.000,856.511,471.008,100.022,7.144
OPEN_AREA_PULSE,OPEN_AREA,PULSE,52.0,862.404,493.780,100.000,865.916,487.863,100.656,6.911
OPEN_AREA_PULSE,OPEN_AREA,PULSE,53.0,872.355,511.128,100.000,876.175,505.055,101.183,7.271
OPEN_AREA_PULSE,OPEN_AREA,PULSE,54.0,881.958,528.672,100.000,887.075,523.573,100.534,7.243
OPEN_AREA_PULSE,OPEN_AREA,PULSE,55.0,891.207,546.404,100.000,895.836,542.764,99.989,5.888
OPEN_AREA_PULSE,OPEN_AREA,PULSE,56.0,900.100,564.318,100.000,905.342,561.617,100.550,5.922
OPEN_AREA_PULSE,OPEN_AREA,PULSE,57.0,908.633,582.405,100.000,913.591,579.759,100.405,5.634
OPEN_AREA_PULSE,OPEN_AREA,PULSE,58.0,916.803,600.660,100.000,922.072,598.094,100.954,5.938
OPEN_AREA_PULSE,OPEN_AREA,PULSE,59.0,924.606,619.075,100.000,929.833,616.586,101.054,5.885
OPEN_AREA_PULSE,OPEN_AREA,PULSE,60.0,932.039,637.642,100.000,936.907,635.310,100.569,5.428
OPEN_AREA_PULSE,OPEN_AREA,PULSE,61.0,939.099,656.354,100.000,943.765,654.180,100.135,5.149
OPEN_AREA_PULSE,OPEN_AREA,PULSE,62.0,945.784,675.204,100.000,951.972,674.045,99.596,6.309
OPEN_AREA_PULSE,OPEN_AREA,PULSE,63.0,952.090,694.183,100.000,958.786,693.274,99.188,6.806
OPEN_AREA_PULSE,OPEN_AREA,PULSE,64.0,958.016,713.285,100.000,965.607,713.313,99.349,7.619
OPEN_AREA_PULSE,OPEN_AREA,PULSE,65.0,963.558,732.501,100.000,971.316,732.267,99.201,7.803
OPEN_AREA_PULSE,OPEN_AREA,PULSE,66.0,968.715,751.825,100.000,977.125,750.520,99.194,8.549
OPEN_AREA_PULSE,OPEN_AREA,PULSE,67.0,973.485,771.247,100.000,982.738,769.400,97.666,9.721
OPEN_AREA_PULSE,OPEN_AREA,PULSE,68.0,977.865,790.761,100.000,986.553,788.340,98.063,9.225
OPEN_AREA_PULSE,OPEN_AREA,PULSE,69.0,981.854,810.359,100.000,990.616,808.247,97.488,9.357
OPEN_AREA_PULSE,OPEN_AREA,PULSE,70.0,985.450,830.033,100.000,993.003,828.566,97.495,8.092
OPEN_AREA_PULSE,OPEN_AREA,PULSE,71.0,988.652,849.775,100.000,996.701,848.555,98.021,8.379
OPEN_AREA_PULSE,OPEN_AREA,PULSE,72.0,991.458,869.576,100.000,999.288,868.987,98.633,7.970
OPEN_AREA_PULSE,OPEN_AREA,PULSE,73.0,993.868,889.430,100.000,1001.096,888.642,99.460,7.291
OPEN_AREA_PULSE,OPEN_AREA,PULSE,74.0,995.881,909.328,100.000,1003.439,907.623,98.893,7.827
OPEN_AREA_PULSE,OPEN_AREA,PULSE,75.0,997.495,929.263,100.000,1004.986,927.901,99.565,7.626
OPEN_AREA_PULSE,OPEN_AREA,PULSE,76.0,998.710,949.226,100.000,1006.570,947.909,99.712,7.975
OPEN_AREA_PULSE,OPEN_AREA,PULSE,77.0,999.526,969.209,100.000,1006.945,967.816,98.452,7.706
OPEN_AREA_PULSE,OPEN_AREA,PULSE,78.0,999.942,989.204,100.000,1008.453,988.445,98.271,8.718
OPEN_AREA_PULSE,OPEN_AREA,PULSE,79.0,999.958,1009.204,100.000,1007.878,1009.341,98.725,8.024
OPEN_AREA_PULSE,OPEN_AREA,PULSE,80.0,999.574,1029.200,100.000,1008.070,1030.079,99.137,8.585
OPEN_AREA_PULSE,OPEN_AREA,PULSE,81.0,998.790,1049.184,100.000,1007.930,1050.022,99.540,9.191
OPEN_AREA_PULSE,OPEN_AREA,PULSE,82.0,997.606,1069.148,100.000,1006.932,1070.275,99.637,9.401
OPEN_AREA_PULSE,OPEN_AREA,PULSE,83.0,996.024,1089.085,100.000,1004.738,1091.550,99.836,9.058
OPEN_AREA_PULSE,OPEN_AREA,PULSE,84.0,994.043,1108.987,100.000,1002.749,1111.236,99.964,8.992
OPEN_AREA_PULSE,OPEN_AREA,PULSE,85.0,991.665,1128.844,100.000,1000.367,1131.828,99.613,9.207
OPEN_AREA_PULSE,OPEN_AREA,PULSE,86.0,988.890,1148.651,100.000,997.256,1151.301,99.951,8.776
OPEN_AREA_PULSE,OPEN_AREA,PULSE,87.0,985.719,1168.397,100.000,994.267,1170.665,99.818,8.846
OPEN_AREA_PULSE,OPEN_AREA,PULSE,88.0,982.154,1188.077,100.000,990.953,1190.074,100.285,9.027
OPEN_AREA_PULSE,OPEN_AREA,PULSE,89.0,978.197,1207.681,100.000,986.874,1209.981,100.759,9.009
OPEN_AREA_PULSE,OPEN_AREA,PULSE,90.0,973.848,1227.202,100.000,982.955,1230.209,100.386,9.599
OPEN_AREA_PULSE,OPEN_AREA,PULSE,91.0,969.109,1246.632,100.000,979.037,1249.738,100.355,10.409
OPEN_AREA_PULSE,OPEN_AREA,PULSE,92.0,963.983,1265.964,100.000,973.563,1268.696,100.164,9.964
OPEN_AREA_PULSE,OPEN_AREA,PULSE,93.0,958.471,1285.189,100.000,967.274,1287.739,100.342,9.171
OPEN_AREA_PULSE,OPEN_AREA,PULSE,94.0,952.576,1304.300,100.000,960.840,1306.324,99.323,8.535
OPEN_AREA_PULSE,OPEN_AREA,PULSE,95.0,946.300,1323.290,100.000,953.966,1325.920,98.966,8.171
OPEN_AREA_PULSE,OPEN_AREA,PULSE,96.0,939.645,1342.150,100.000,946.193,1344.593,98.721,7.105
OPEN_AREA_PULSE,OPEN_AREA,PULSE,97.0,932.615,1360.873,100.000,939.097,1364.528,98.584,7.575
OPEN_AREA_PULSE,OPEN_AREA,PULSE,98.0,925.212,1379.452,100.000,931.413,1383.544,99.253,7.467
OPEN_AREA_PULSE,OPEN_AREA,PULSE,99.0,917.438,1397.879,100.000,924.901,1402.652,99.950,8.859
OPEN_AREA_PULSE,OPEN_AREA,PULSE,100.0,909.297,1416.147,100.000,917.319,1419.963,99.185,8.921
